id,name,contact
S001,MedSupplier Inc,555-1234
S002,PharmaDistro,555-5678
S003,Global Meds,555-9012S001,MedSupplier Inc,555-1234
S002,PharmaDistro,555-5678
S003,Global Meds,555-9012
S001,MedSupplier Inc,555-1234
S002,PharmaDistro,555-5678
S003,Global Meds,555-9012S001
S002,PharmaDistro,555-5678
S003,Global Meds,555-9012
S001,MedSupplier Inc,555-1234
S002,PharmaDistro,555-5678
S003,Global Meds,555-9012S001
S002,PharmaDistro,555-5678
S003,Global Meds,555-9012
S001,MedSupplier Inc,555-1234
S002,PharmaDistro,555-5678
S003,Global Meds,555-9012S001
S002,PharmaDistro,555-5678
S003,Global Meds,555-9012
